1;Richard;Hale;53;Siffuci;(871) 640-2354;ujiaf@ko.gp;4/1/1991
2;Lottie;Ortiz;46;Ihefudroj;(412) 310-4218;zawi@cuka.ec;7/2/1992
3;Rebecca;Brock;41;Gojuci;(866) 617-4701;wuhat@mip.ky;3/18/1976
4;Jesse;Sherman;52;Sizzobsin;(618) 279-5526;woshuwe@at.gw;11/8/1961
5;Johanna;Ryan;48;Dusosad;(881) 403-9792;idzuwime@wi.az;8/9/1966
6;Connor;Gomez;40;Jeollab;(904) 890-2502;dubjiidi@egam.ac;4/19/1989
7;Lina;Thomas;18;Huzohova;(314) 448-6340;biz@zuuhwug.org;4/3/1967
8;Scott;Leonard;38;Cuvnulhos;(824) 764-2180;la@ezikivuro.nu;9/29/1958
9;Sophie;Roberts;39;Rejelej;(523) 704-7336;cig@rer.bj;5/12/1969
10;Floyd;Schneider;58;Keccona;(749) 711-7942;vimus@biwo.ug;4/7/1959
11;Cole;Castro;52;Cicowzav;(438) 337-9426;pat@jina.eh;4/17/1977
12;Rosa;Patton;26;Soegujot;(963) 655-5677;ita@vehamrup.cd;3/3/1973
13;Belle;Guerrero;48;Fookamo;(472) 729-1297;pik@solda.li;11/13/1972
14;Ruth;Love;30;Lipefi;(686) 330-4314;fosawize@win.ax;5/18/1960
15;Isabel;Cruz;53;Fahgabwof;(927) 355-7348;pikreh@rac.co;7/17/1988
16;Edwin;Wood;24;Lutare;(478) 823-3341;cavev@ravenu.in;6/22/1990
17;Estella;Ingram;41;Powegve;(318) 200-4345;de@obvaw.gp;12/7/1995
18;Mario;Romero;32;Pinuzol;(543) 671-5226;er@ambog.bt;2/6/1962
19;Isabelle;Conner;37;Fahudo;(583) 943-6862;zes@mokcibge.tv;8/8/1974
20;Bernice;Paul;27;Zamletuc;(676) 489-1351;depwowove@modu.de;2/16/1987
21;Jeremiah;Carter;35;Cergaca;(551) 640-4380;canu@te.mr;11/2/2002
22;Lawrence;Ortiz;29;Potofukel;(971) 472-9002;wojol@vejjebhog.rs;11/13/1966
23;Henrietta;Franklin;37;Womuhu;(231) 583-5719;egvimof@gekceg.ir;11/10/1979
24;Albert;Cunningham;47;Boznubla;(355) 580-9942;ver@ug.fo;11/18/1958
25;Daisy;Wright;58;Joturmu;(514) 818-9791;mofewler@sumovo.kr;2/24/1983
26;Ronnie;Anderson;28;Cedihed;(736) 911-5760;hafoz@kuffa.pa;1/20/1983
27;Bessie;Roberts;27;Zijeej;(412) 250-5908;ciwdabog@dopmule.cm;10/19/1994
28;Clifford;Banks;35;Fakseevi;(326) 746-7666;garukir@bo.kw;6/9/1978
29;Bryan;Boone;42;Woowmi;(321) 770-3458;joarsuk@isarirol.sm;9/30/2003
30;Sara;Poole;47;Gigejta;(324) 813-4929;ognuldoz@cokdab.ve;8/15/1973
31;Mina;Richards;54;Mileole;(530) 633-8093;lohoha@zadmi.np;4/15/1963
32;Miguel;McLaughlin;53;Mahfefet;(549) 812-3490;wu@ralaf.kp;4/29/1990
33;Craig;Jackson;42;Renofo;(216) 897-4373;gendih@su.gn;11/4/1961
34;Seth;Ray;18;Suzhagi;(366) 991-6639;rer@nohlig.ir;7/11/1968
35;Carolyn;Jimenez;21;Zeapza;(814) 933-5931;ku@raetob.net;8/29/1990
36;Donald;Greene;45;Ozitonkaf;(771) 571-4792;jodwe@cen.er;6/1/1963
37;Willie;Cannon;53;Ohesamzo;(448) 849-7198;mot@giv.tw;3/3/1959
38;Margaret;Casey;56;Hedsohole;(443) 595-3882;ter@fi.so;11/15/1987
39;Mable;Howard;47;Efafuhuli;(452) 447-6923;igiobo@sakofsop.aq;8/21/1973
40;Max;Lowe;48;Eczojwok;(950) 391-6319;riztas@jako.tt;9/10/1969
41;Adrian;Lyons;55;Unnaap;(422) 900-1569;kuwim@oj.ga;12/31/1976
42;Leo;Kelley;65;Gejupub;(662) 858-3308;uvovaizo@jag.bo;12/8/1963
43;Emily;Wallace;49;Wopbovuj;(502) 757-4549;otofif@gutha.gi;10/4/1991
44;Laura;Maxwell;37;Puziitu;(339) 770-7549;wer@lugcesat.gt;4/12/2003
45;Sean;Alexander;63;Dizunuju;(288) 940-6905;deh@ejeevjig.gp;2/1/1982
46;Bess;Parsons;61;Fepaos;(663) 958-3955;aw@nigezupow.mo;8/7/1994
47;Paul;Alvarez;20;Guzejri;(953) 489-4293;du@guhuhfat.fj;10/21/1966
48;Sallie;Harrison;62;Edakizuw;(978) 895-8997;eb@rejkenoh.ke;1/20/1981
49;Josephine;Carlson;45;Uvolewre;(756) 852-6534;paslid@la.my;12/19/1972
50;Ian;Moss;34;Metopoum;(919) 957-9357;hegemguj@polam.edu;3/31/1960
51;Lina;Ellis;31;Edpagu;(311) 823-6187;ku@ure.qa;3/31/1988
52;Jayden;Hale;42;Vijwopih;(361) 225-5656;jopofi@anirem.su;9/20/1994
53;Janie;Long;38;Zuawli;(429) 540-3598;enoma@kosakwol.ee;4/5/2004
54;Bess;Boyd;54;Eptuczac;(914) 707-4325;ki@soc.sc;6/19/2000
55;Linnie;Hamilton;45;Ibakive;(552) 308-8170;dof@cazeffeg.pg;9/19/1961
56;Bertie;Manning;56;Nuvanu;(807) 537-6370;zusi@cedefpah.ma;2/21/1969
57;Andrew;Cohen;46;Opekotvi;(606) 520-3442;pikahen@bib.sa;3/21/1985
58;Mayme;Washington;52;Gukwitoj;(373) 951-5164;uku@dip.bq;4/6/1963
59;Ivan;Becker;52;Petophas;(474) 484-4330;ol@kuod.bt;8/5/1990
60;Violet;Craig;44;Giloho;(753) 834-7687;ufawe@va.bv;8/9/1992
61;Tommy;Hart;25;Veiknoc;(814) 609-1595;utpu@jebhifgo.ru;2/2/1994
62;Bessie;Graves;53;Nahudok;(374) 265-6410;uzodepwe@dotu.aq;7/13/2003
63;Sadie;Ball;21;Bugeasa;(908) 340-1337;pecezi@mofu.eh;3/11/1967
64;Lenora;Guzman;42;Fecriinu;(543) 210-5128;rubbadro@ogo.bf;9/24/1957
65;Susan;Cortez;43;Gokoclod;(309) 308-9957;wiginufem@matojo.tv;12/2/1963
66;Glenn;Boone;58;Zegudzoj;(921) 895-2733;vok@fiziwuj.gm;7/11/1985
67;Jeremy;Howard;24;Heddipi;(845) 747-7228;sipiz@zowgipu.pf;6/2/1983
68;Amanda;Mitchell;41;Feloptu;(928) 619-9010;oro@harin.sr;8/4/1966
69;Maria;Aguilar;60;Newamdo;(434) 921-1449;joet@gep.ca;12/25/1992
70;Jessie;Jenkins;34;Inileol;(705) 494-7653;terociv@vomveipa.bs;2/9/1979
71;Marcus;Leonard;26;Okogevfok;(604) 907-1832;luis@laji.gs;7/24/1999
72;Eugene;Warner;38;Gumavota;(542) 352-1356;garosope@etozi.ro;7/19/1959
73;Frank;Bradley;19;Ihoesaor;(242) 430-7588;kodbis@gozmi.gr;11/20/1988
74;Flora;Jennings;49;Hazidrul;(564) 682-7273;safume@zuhti.cn;7/26/1987
75;Margaret;Strickland;55;Pujtevap;(260) 868-5636;avika@ija.pf;5/27/1957
76;Matilda;Sanchez;29;Kozzemu;(546) 485-2307;ali@elmoj.ax;7/1/2001
77;Zachary;Torres;40;Uwutora;(832) 836-9101;ki@mowze.sd;1/1/1996
78;Jared;Alexander;18;Firhufe;(415) 742-2768;ves@da.ao;9/23/1968
79;Bradley;Hunter;23;Jemimon;(368) 308-7297;fuwikuv@ecavewuta.bw;2/16/1961
80;May;Spencer;27;Tikazkur;(842) 226-1310;kupukuj@ivemiag.gm;11/3/1965
81;Adam;McKinney;50;Cowiofa;(970) 749-3288;sazfuuja@ref.tm;4/13/1992
82;Lina;Chandler;29;Tumala;(970) 952-2329;findif@ninnotnih.li;2/21/1957
83;Tyler;Ward;61;Suzeij;(547) 431-3331;jov@salgoz.mt;2/25/1965
84;Rena;Stanley;33;Zamamjoh;(554) 534-5720;gevun@doba.lv;4/10/2003
85;Ethan;McCarthy;58;Leveuri;(562) 890-2785;sav@vacugwo.wf;10/10/1988
86;Mason;Vargas;65;Cefkihus;(451) 861-4473;guhwiwu@hotekigi.sc;2/4/1994
87;Jerome;Tran;38;Ijilage;(721) 862-7220;wezkiv@joj.bh;5/21/1974
88;Nancy;Holmes;54;Jopido;(809) 415-1460;folralcaj@empood.ru;5/30/1998
89;Austin;Fuller;24;Betukpo;(278) 313-4182;ado@bev.pl;9/26/1978
90;Bryan;Higgins;61;Misfeho;(723) 378-6907;pa@uwaroge.sj;12/24/1971
91;Logan;Wheeler;21;Jemafo;(279) 445-9681;cit@vur.pm;2/7/1971
92;Leona;Black;47;Adkuftat;(741) 702-5005;dofuzugo@buegowah.kp;10/1/2003
93;Jane;Cross;41;Pilbowma;(845) 508-5665;za@be.mv;6/29/1986
94;Craig;Fisher;36;Hovaje;(814) 959-8127;oma@fuvrir.com;2/3/1985
95;Duane;Burns;61;Tonoac;(949) 363-7223;wovurnow@em.rs;1/5/1973
96;Bill;Morrison;21;Hacmogum;(327) 863-4575;pezus@avi.pn;1/15/1990
97;Glen;James;39;Eprozah;(424) 865-5940;imwa@pizibod.uk;3/21/1997
98;Mitchell;Underwood;29;Kowefaw;(220) 713-9945;ofeeflic@nuabepu.jp;1/14/1966
99;Rebecca;Warren;20;Daragjo;(819) 592-3451;wozkaezu@jubocce.ie;5/24/2000
100;Della;Tran;47;Zatrihwab;(527) 267-8114;bidamelag@howase.ms;9/16/1966